provinceID,provinceTh,provinceEn,regionID,areaKm2
1,กรุงเทพมหานคร,Bangkok,1,1568.737
2,สมุทรปราการ,Samut Prakan,1,1004.092
3,นนทบุรี,Nonthaburi,1,622.303
4,ปทุมธานี,Pathum Thani,1,1525.856
5,พระนครศรีอยุธยา,Phra Nakhon Si Ayutthaya,1,2556.605
6,อ่างทอง,Ang Thong,1,968.372
7,ลพบุรี,Lop Buri,1,6159.067
8,สิงห์บุรี,Sing Buri,1,822.478
9,ชัยนาท,Chai Nat,1,2469.746
10,สระบุรี,Saraburi,1,3585.112
11,ชลบุรี,Chon Buri,2,4364.00
12,ระยอง,Rayong,2,3552.00
13,จันทบุรี,Chanthaburi,2,6339.00
14,ตราด,Trat,2,2819.00
15,ฉะเชิงเทรา,Chachoengsao,2,5328.00
16,ปราจีนบุรี,Prachin Buri,2,4763.00
17,นครนายก,Nakhon Nayok,2,2090.00
18,สระแก้ว,Sa Kaeo,2,7195.00
19,นครราชสีมา,Nakhon Ratchasima,3,20355.00
20,บุรีรัมย์,Buri Ram,3,10191.00
21,สุรินทร์,Surin,3,8124.00
22,ศรีสะเกษ,Si Sa Ket,3,8892.00
23,อุบลราชธานี,Ubon Ratchathani,3,16119.00
24,ยโสธร,Yasothon,3,4160.00
25,ชัยภูมิ,Chaiyaphum,3,12555.00
26,อำนาจเจริญ,Amnat Charoen,3,3200.00
27,หนองบัวลำภู,Nong Bua Lam Phu,3,3860.00
28,ขอนแก่น,Khon Kaen,3,10886.00
29,อุดรธานี,Udon Thani,3,11730.00
30,เลย,Loei,3,11169.00
31,หนองคาย,Nong Khai,3,7396.00
32,มหาสารคาม,Maha Sarakham,3,5300.00
33,ร้อยเอ็ด,Roi Et,3,8317.00
34,กาฬสินธุ์,Kalasin,3,6846.00
35,สกลนคร,Sakon Nakhon,3,9605.00
36,นครพนม,Nakhon Phanom,3,5528.00
37,มุกดาหาร,Mukdahan,3,4339.00
38,เชียงใหม่,Chiang Mai,4,20853.00
39,เชียงราย,Chiang Rai,4,11678.00
40,ลำพูน,Lamphun,4,4505.00
41,ลำปาง,Lampang,4,12753.00
42,แม่ฮ่องสอน,Mae Hong Son,4,12681.00
43,พะเยา,Phayao,4,6335.00
44,น่าน,Nan,4,11472.00
45,แพร่,Phrae,4,6536.00
46,อุตรดิตถ์,Uttaradit,4,7338.00
47,ตาก,Tak,4,16105.00
48,สุโขทัย,Sukhothai,4,6596.00
49,พิษณุโลก,Phitsanulok,4,10115.00
50,พิจิตร,Phichit,4,4531.00
51,กำแพงเพชร,Kamphaeng Phet,4,8576.00
52,เพชรบูรณ์,Phetchabun,4,12864.00
53,ราชบุรี,Ratchaburi,5,5196.00
54,กาญจนบุรี,Kanchanaburi,5,19483.00
55,สุพรรณบุรี,Suphan Buri,5,5335.00
56,นครปฐม,Nakhon Pathom,5,2168.00
57,สมุทรสาคร,Samut Sakhon,5,872.00
58,สมุทรสงคราม,Samut Songkhram,5,416.00
59,เพชรบุรี,Phetchaburi,5,6225.00
60,ประจวบคีรีขันธ์,Prachuap Khiri Khan,5,6368.00
61,นครศรีธรรมราช,Nakhon Si Thammarat,6,9462.00
62,กระบี่,Krabi,6,4708.00
63,พังงา,Phang Nga,6,4171.00
64,ภูเก็ต,Phuket,6,543.00
65,สุราษฎร์ธานี,Surat Thani,6,12891.00
66,ระนอง,Ranong,6,3298.00
67,ชุมพร,Chumphon,6,6009.00
68,สงขลา,Songkhla,6,7393.00
69,สตูล,Satun,6,2463.00
70,ตรัง,Trang,6,4917.00
71,พัทลุง,Phatthalung,6,3423.00
72,ปัตตานี,Pattani,6,1953.00
73,ยะลา,Yala,6,4513.00
74,นราธิวาส,Narathiwat,6,4775.00
75,บึงกาฬ,Bueng Kan,3,4338.00
76,อุทัยธานี,Uthai Thani,4,6729.00
77,นครสวรรค์,Nakhon Sawan,4,9706.00